{"cameraMode":{"drawMode":0,"name":"Shaded","section":"Shading Mode"},"sceneLighting":true,"audioPlay":false,"sceneViewState":{"m_AlwaysRefresh":false,"showFog":true,"showSkybox":true,"showFlares":true,"showImageEffects":true,"showParticleSystems":true,"showVisualEffectGraphs":true,"m_FxEnabled":true},"in2DMode":false,"pivot":{"x":-8.145252227783204,"y":11.269211769104004,"z":7.502426624298096},"rotation":{"x":0.7054073810577393,"y":0.0008505492587573826,"z":-0.0008464763523079455,"w":0.7088013887405396},"size":14.639890670776368,"orthographic":true}